,Unnamed: 0,Location,count,mean,std,min,25%,50%,75%,max,address,latitude,longitude
2200,2200,BROADWAY ST- BROADWAY TO OLIVE,1.0,0.0,,0.0,0.0,0.0,0.0,0.0,BROADWAY ST- BROADWAY TO OLIVE,,
2201,2201,BROADWAY ST- WILLAMETTE TO OAK,1.0,0.0,,0.0,0.0,0.0,0.0,0.0,BROADWAY ST- WILLAMETTE TO OAK,,
2202,2202,BROADWAY WASHINGTON TO LAWRENCE,1.0,0.0,,0.0,0.0,0.0,0.0,0.0,BROADWAY WASHINGTON TO LAWRENCE,,
2203,2203,BTWEEN 5TH -6TH AVE,1.0,0.0,,0.0,0.0,0.0,0.0,0.0,BTWEEN 5TH -6TH AVE,44.0547921,-123.0905654
2204,2204,BTWEEN 6TH & 5TH AVE,1.0,0.0,,0.0,0.0,0.0,0.0,0.0,BTWEEN 6TH & 5TH AVE,44.0542436,-123.1180313
2205,2205,BTWN ALDER-KINCAID,1.0,0.0,,0.0,0.0,0.0,0.0,0.0,BTWN ALDER-KINCAID,,
2206,2206,BUCKINGHAM,5.0,0.0,0.0,0.0,0.0,0.0,0.0,0.0,BUCKINGHAM,44.0535144,-123.0590239
2207,2207,BUCKINGHAM @ BARDELL,1.0,0.0,,0.0,0.0,0.0,0.0,0.0,BUCKINGHAM @ BARDELL,44.0543281,-123.0601608
2208,2208,CARLS JR  ON COBURG ROAD,1.0,0.0,,0.0,0.0,0.0,0.0,0.0,CARLS JR  ON COBURG ROAD,44.0659858,-123.0747021
2209,2209,CENTENNIAL LP,28.0,4.28571428571,10.6904496765,0.0,0.0,0.0,0.0,30.0,CENTENNIAL LP,44.0610245,-123.0775985
2210,2210,CENTER WAY & NECTAR WAY,1.0,0.0,,0.0,0.0,0.0,0.0,0.0,CENTER WAY & NECTAR WAY,44.0005154,-123.0750991
2211,2211,CHAMBERS,1.0,380.0,,380.0,380.0,380.0,380.0,380.0,CHAMBERS,44.0414456,-123.0485221
2212,2212,CHAMBERS @ 14TH AVENUE,1.0,0.0,,0.0,0.0,0.0,0.0,0.0,CHAMBERS @ 14TH AVENUE,44.044439,-123.1180818
2213,2213,CHAMBERS @ 15TH AVENUE,1.0,0.0,,0.0,0.0,0.0,0.0,0.0,CHAMBERS @ 15TH AVENUE,44.043337,-123.1180783
2214,2214,CHARNELTON - 10TH TO BRDWY,1.0,0.0,,0.0,0.0,0.0,0.0,0.0,CHARNELTON - 10TH TO BRDWY,44.0495438,-123.0960329
2215,2215,CHARNELTON - 10TH TO BROADWAY,1.0,0.0,,0.0,0.0,0.0,0.0,0.0,CHARNELTON - 10TH TO BROADWAY,44.0495438,-123.0960329
2216,2216,CHARNELTON - 11TH TO 10TH,2.0,0.0,0.0,0.0,0.0,0.0,0.0,0.0,CHARNELTON - 11TH TO 10TH,,
2217,2217,CHARNELTON - 7TH TO 8TH,1.0,0.0,,0.0,0.0,0.0,0.0,0.0,CHARNELTON - 7TH TO 8TH,,
2218,2218,CHARNELTON - BRDWY TO 10TH,3.0,0.0,0.0,0.0,0.0,0.0,0.0,0.0,CHARNELTON - BRDWY TO 10TH,44.0495438,-123.0960329
2219,2219,CHARNELTON - BROADWAY TO,1.0,0.0,,0.0,0.0,0.0,0.0,0.0,CHARNELTON - BROADWAY TO,44.0495438,-123.0960329
2220,2220,CHARNELTON 7TH TO 8TH,1.0,0.0,,0.0,0.0,0.0,0.0,0.0,CHARNELTON 7TH TO 8TH,,
2221,2221,CHARNELTON BTW 11 AND 10,1.0,0.0,,0.0,0.0,0.0,0.0,0.0,CHARNELTON BTW 11 AND 10,,
2222,2222,CHARNELTON ST,1.0,0.0,,0.0,0.0,0.0,0.0,0.0,CHARNELTON ST,44.0395032,-123.0956047
2223,2223,CHARNELTON ST - 11TH AND 10TH,1.0,0.0,,0.0,0.0,0.0,0.0,0.0,CHARNELTON ST - 11TH AND 10TH,,
2224,2224,CHARNELTON ST - 4TH AND 5TH,1.0,0.0,,0.0,0.0,0.0,0.0,0.0,CHARNELTON ST - 4TH AND 5TH,,
2225,2225,CHARNELTON ST 10TH AVE 1,210.0,2.57142857143,7.39436892029,0.0,0.0,0.0,0.0,24.0,CHARNELTON & 10TH,44.0488063,-123.0957704
2226,2226,CHARNELTON ST 10TH AVE B,295.0,3.98644067797,8.764093754,0.0,0.0,0.0,0.0,30.0,CHARNELTON & 10TH,44.0488063,-123.0957704
2227,2227,CHARNELTON ST 11TH AVE 1,152.0,4.92105263158,9.39460625568,0.0,0.0,0.0,0.0,24.0,CHARNELTON & 11TH,44.0477087,-123.0957841
2228,2228,CHARNELTON ST 12TH AVE 1,13.0,1.84615384615,6.6564023547,0.0,0.0,0.0,0.0,24.0,CHARNELTON & 12TH,44.0466244,-123.0957833
2229,2229,CHARNELTON ST 13TH AVE 1,47.0,3.82978723404,8.70611766153,0.0,0.0,0.0,0.0,24.0,CHARNELTON & 13TH,44.0455157,-123.0957853
2230,2230,CHARNELTON ST 14TH AVE 1,32.0,3.0,8.06425806039,0.0,0.0,0.0,0.0,24.0,CHARNELTON & 14TH,44.044195,-123.0956329
2231,2231,CHARNELTON ST 15TH AVE 1,11.0,4.36363636364,9.70847801947,0.0,0.0,0.0,0.0,24.0,CHARNELTON & 15TH,44.0432895,-123.095616
2232,2232,CHARNELTON ST 16TH AVE 1,6.0,0.0,0.0,0.0,0.0,0.0,0.0,0.0,CHARNELTON & 16TH,44.042223,-123.0956286
2233,2233,CHARNELTON ST 17TH AVE 1,7.0,0.0,0.0,0.0,0.0,0.0,0.0,0.0,CHARNELTON & 17TH,44.0411389,-123.0956437
2234,2234,CHARNELTON ST 18TH AVE 1,1.0,0.0,,0.0,0.0,0.0,0.0,0.0,CHARNELTON & 18TH,44.0400463,-123.0956285
2235,2235,CHARNELTON ST 19TH AVE 1,1.0,0.0,,0.0,0.0,0.0,0.0,0.0,CHARNELTON & 19TH,44.0389538,-123.0963042
2236,2236,CHARNELTON ST 4TH AVE 5T,136.0,2.47058823529,7.32013071779,0.0,0.0,0.0,0.0,24.0,CHARNELTON & 4TH,44.0554407,-123.0958929
2237,2237,CHARNELTON ST 5TH AVE 4T,88.0,5.01136363636,10.1681204744,0.0,0.0,0.0,0.0,30.0,CHARNELTON & 5TH,44.0543212,-123.0957656
2238,2238,CHARNELTON ST 5TH AVE 6T,26.0,1.84615384615,6.52191571667,0.0,0.0,0.0,0.0,24.0,CHARNELTON & 5TH,44.0543212,-123.0957656
2239,2239,CHARNELTON ST 5TH AVE EN,1.0,30.0,,30.0,30.0,30.0,30.0,30.0,CHARNELTON & 5TH,44.0543212,-123.0957656
2240,2240,CHARNELTON ST 6TH AVE 5T,1.0,0.0,,0.0,0.0,0.0,0.0,0.0,CHARNELTON & 6TH,44.0532426,-123.0957654
2241,2241,CHARNELTON ST 6TH AVE 7T,2.0,0.0,0.0,0.0,0.0,0.0,0.0,0.0,CHARNELTON & 6TH,44.0532426,-123.0957654
2242,2242,CHARNELTON ST 7TH AVE 6T,44.0,3.68181818182,8.79686182753,0.0,0.0,0.0,0.0,30.0,CHARNELTON & 7TH,44.0521353,-123.0957615
2243,2243,CHARNELTON ST 7TH AVE 8T,4.0,0.0,0.0,0.0,0.0,0.0,0.0,0.0,CHARNELTON & 7TH,44.0521353,-123.0957615
2244,2244,CHARNELTON ST 8TH AVE 7T,440.0,3.68181818182,8.60198824099,0.0,0.0,0.0,0.0,24.0,CHARNELTON & 8TH,44.0510026,-123.0957871
2245,2245,CHARNELTON ST 8TH AVE BR,8.0,3.0,8.48528137424,0.0,0.0,0.0,0.0,24.0,CHARNELTON & 8TH,44.0510026,-123.0957871
2246,2246,CHARNELTON ST 8TH AVE CH,1.0,0.0,,0.0,0.0,0.0,0.0,0.0,CHARNELTON & 8TH,44.0510026,-123.0957871
2247,2247,CHARNELTON ST @ 12TH,1.0,0.0,,0.0,0.0,0.0,0.0,0.0,CHARNELTON ST @ 12TH,44.0466244,-123.0957833
2248,2248,CHARNELTON ST BETWEEN BROADWAY ST 10TH AVE,1.0,0.0,,0.0,0.0,0.0,0.0,0.0,CHARNELTON & BROADWAY & 10TH,44.0495438,-123.0960329
2249,2249,CHARNELTON ST BROADWAY S,526.0,3.87072243346,8.88607354776,0.0,0.0,0.0,0.0,50.0,CHARNELTON ST BROADWAY S,44.0495438,-123.0960329
2250,2250,CHARNELTON ST END 5TH AV,7.0,3.42857142857,9.07114735222,0.0,0.0,0.0,0.0,24.0,CHARNELTON ST END 5TH AV,44.0543212,-123.0957656
2251,2251,CHARNELTON ST- 10TH TO BROADWA,1.0,0.0,,0.0,0.0,0.0,0.0,0.0,CHARNELTON ST- 10TH TO BROADWA,44.0495438,-123.0960329
2252,2252,CHARNELTON/ 6TH TO 7TH AVE,1.0,0.0,,0.0,0.0,0.0,0.0,0.0,CHARNELTON/ 6TH TO 7TH AVE,44.0525059,-123.0954087
2253,2253,CHESHIRE LINCOLN ST HIGH,2.0,0.0,0.0,0.0,0.0,0.0,0.0,0.0,CHESHIRE LINCOLN ST HIGH,44.0609404,-123.0964046
2254,2254,CHEVY CHASE,2.0,0.0,0.0,0.0,0.0,0.0,0.0,0.0,CHEVY CHASE,44.0551355,-123.059076
2255,2255,CHEVY CHASE @ BOARDWALK,1.0,50.0,,50.0,50.0,50.0,50.0,50.0,CHEVY CHASE @ BOARDWALK,44.0549379,-123.0590118
2256,2256,CHEVY CHASE @ MEREWETHER,1.0,0.0,,0.0,0.0,0.0,0.0,0.0,CHEVY CHASE @ MEREWETHER,44.0537058,-123.0577169
2257,2257,CHEVY CHASE @ REGENT,2.0,0.0,0.0,0.0,0.0,0.0,0.0,0.0,CHEVY CHASE @ REGENT,44.0546861,-123.05882
2258,2258,CHEVYCHASE,8.0,7.5,13.8873014966,0.0,0.0,0.0,7.5,30.0,CHEVYCHASE,44.0551355,-123.059076
2259,2259,CHRNELTON - 10TH TO 11TH,1.0,0.0,,0.0,0.0,0.0,0.0,0.0,CHRNELTON - 10TH TO 11TH,,
2260,2260,COBURG & BELTLINE,1.0,0.0,,0.0,0.0,0.0,0.0,0.0,COBURG & BELTLINE,44.0967632,-123.1110703
2261,2261,COBURG RD 19TH AVE 17TH,2.0,0.0,0.0,0.0,0.0,0.0,0.0,0.0,COBURG RD 19TH AVE 17TH,,
2262,2262,COLUMBIA 17TH TO 19TH,1.0,0.0,,0.0,0.0,0.0,0.0,0.0,COLUMBIA 17TH TO 19TH,,
2263,2263,COLUMBIA ST 17TH AVE 15T,2.0,0.0,0.0,0.0,0.0,0.0,0.0,0.0,COLUMBIA & 17TH,44.0411105,-123.0680264
2264,2264,COLUMBIA ST 17TH AVE 19T,252.0,2.33333333333,7.20446961754,0.0,0.0,0.0,0.0,30.0,COLUMBIA & 17TH,44.0411105,-123.0680264
2265,2265,COLUMBIA ST 19TH AVE 17T,273.0,2.26373626374,7.03693276604,0.0,0.0,0.0,0.0,30.0,COLUMBIA & 19TH,44.0389087,-123.0680628
2266,2266,COLUMBIA ST 19TH AVE 18T,3.0,0.0,0.0,0.0,0.0,0.0,0.0,0.0,COLUMBIA & 19TH,44.0389087,-123.0680628
2267,2267,COLUMBIA ST 19TH AVE FAI,25.0,0.96,4.8,0.0,0.0,0.0,0.0,24.0,COLUMBIA & 19TH,44.0389087,-123.0680628
2268,2268,COLUMBIA ST FAIRMOUNT BL,7.0,0.0,0.0,0.0,0.0,0.0,0.0,0.0,COLUMBIA ST FAIRMOUNT BL,44.0371867,-123.0679943
2269,2269,COMM MARKED VEH ONLY,1.0,0.0,,0.0,0.0,0.0,0.0,0.0,COMM MARKED VEH ONLY,,
2270,2270,COMMMONS & GARDEN,1.0,30.0,,30.0,30.0,30.0,30.0,30.0,COMMMONS & GARDEN,44.0611623,-123.0538965
2271,2271,COMMON AND KINSROW,1.0,0.0,,0.0,0.0,0.0,0.0,0.0,COMMON AND KINSROW,44.0583149,-123.0581346
2272,2272,COMMON AT KINSROW,1.0,0.0,,0.0,0.0,0.0,0.0,0.0,COMMON AT KINSROW,,
2273,2273,COMMONS,17.0,1.76470588235,7.27606875109,0.0,0.0,0.0,0.0,30.0,COMMONS,44.0605897,-123.0544058
2274,2274,COMMONS & GARDEN,1.0,0.0,,0.0,0.0,0.0,0.0,0.0,COMMONS & GARDEN,44.0611623,-123.0538965
2275,2275,COMMONS & KINSROW,9.0,13.3333333333,15.8113883008,0.0,0.0,0.0,30.0,30.0,COMMONS & KINSROW,44.0583535,-123.05621
2276,2276,COMMONS & MARCHE CHASE,1.0,0.0,,0.0,0.0,0.0,0.0,0.0,COMMONS & MARCHE CHASE,,
2277,2277,COMMONS - NORTH OF KINSROW,3.0,18.0,15.8745078664,0.0,12.0,24.0,27.0,30.0,COMMONS - NORTH OF KINSROW,44.0583149,-123.0581346
2278,2278,COMMONS / KINSROW,32.0,9.84375,14.0554417771,0.0,0.0,0.0,30.0,30.0,COMMONS / KINSROW,44.0583149,-123.0581346
2279,2279,COMMONS / MARCHE CHASE,2.0,0.0,0.0,0.0,0.0,0.0,0.0,0.0,COMMONS / MARCHE CHASE,44.0563996,-123.0558638
2280,2280,COMMONS @ #115,1.0,30.0,,30.0,30.0,30.0,30.0,30.0,COMMONS @ #115,44.0603877,-123.0559376
2281,2281,COMMONS @ 90 COMMONS,1.0,30.0,,30.0,30.0,30.0,30.0,30.0,COMMONS @ 90 COMMONS,44.061069,-123.05652
2282,2282,COMMONS @ BRIDGE,6.0,9.0,14.0712472795,0.0,0.0,0.0,18.0,30.0,COMMONS @ BRIDGE,44.0605897,-123.0544058
2283,2283,COMMONS @ GARDEN WAY,1.0,0.0,,0.0,0.0,0.0,0.0,0.0,COMMONS @ GARDEN WAY,44.0596056,-123.0519749
2284,2284,COMMONS @ KINSROW,13.0,9.23076923077,14.4115338425,0.0,0.0,0.0,30.0,30.0,COMMONS @ KINSROW,44.0583535,-123.05621
2285,2285,COMMONS @ MARCHE CHASE,1.0,0.0,,0.0,0.0,0.0,0.0,0.0,COMMONS @ MARCHE CHASE,44.0563996,-123.0558638
2286,2286,COMMONS @ SLOUGH,1.0,0.0,,0.0,0.0,0.0,0.0,0.0,COMMONS @ SLOUGH,43.9606107,-123.0963188
2287,2287,COMMONS @KINSROW,1.0,0.0,,0.0,0.0,0.0,0.0,0.0,COMMONS @KINSROW,44.0583535,-123.05621
2288,2288,COMMONS AND KINSROW,3.0,0.0,0.0,0.0,0.0,0.0,0.0,0.0,COMMONS AND KINSROW,44.0583535,-123.05621
2289,2289,COMMONS AT KINSROW,2.0,0.0,0.0,0.0,0.0,0.0,0.0,0.0,COMMONS AT KINSROW,44.0583535,-123.05621
2290,2290,COMMONS BRIDGE,1.0,0.0,,0.0,0.0,0.0,0.0,0.0,COMMONS BRIDGE,44.0605897,-123.0544058
2291,2291,COMMONS DR. GARDEN WAY,1.0,40.0,,40.0,40.0,40.0,40.0,40.0,COMMONS DR. GARDEN WAY,44.05908,-123.051185
2292,2292,COMMONS DRIVE & KINSROW,1.0,0.0,,0.0,0.0,0.0,0.0,0.0,COMMONS DRIVE & KINSROW,44.0583535,-123.05621
2293,2293,COMMONS DRIVE @ BRIDGE,1.0,30.0,,30.0,30.0,30.0,30.0,30.0,COMMONS DRIVE @ BRIDGE,44.0605897,-123.0544058
2294,2294,COMMONS DRIVE BRIDGE,1.0,0.0,,0.0,0.0,0.0,0.0,0.0,COMMONS DRIVE BRIDGE,44.0605897,-123.0544058
2295,2295,"COMMONS DRIVE NEAR ""O"" BAR",1.0,15.0,,15.0,15.0,15.0,15.0,15.0,"COMMONS DRIVE NEAR ""O"" BAR",44.0602861,-123.0559753
2296,2296,COMMONS GARDEN AVE KINSR,2.0,27.0,4.24264068712,24.0,25.5,27.0,28.5,30.0,COMMONS GARDEN AVE KINSR,44.058594,-123.05469
2297,2297,COMMONS GARDEN WAY KINSR,11.0,8.18181818182,14.0129809949,0.0,0.0,0.0,15.0,30.0,COMMONS GARDEN WAY KINSR,44.05908,-123.051185
2298,2298,COMMONS KINSROW,1.0,30.0,,30.0,30.0,30.0,30.0,30.0,COMMONS KINSROW,44.0583149,-123.0581346
2299,2299,COMMONS KINSROW GARDEN A,1.0,0.0,,0.0,0.0,0.0,0.0,0.0,COMMONS KINSROW GARDEN A,44.0583149,-123.0581346
2300,2300,COMMONS N OF KINSROW,1.0,0.0,,0.0,0.0,0.0,0.0,0.0,COMMONS N OF KINSROW,44.0583149,-123.0581346
2301,2301,"COMMONS NEAR ""O"" BAR",2.0,30.0,0.0,30.0,30.0,30.0,30.0,30.0,"COMMONS NEAR ""O"" BAR",44.0800025,-123.0628807
2302,2302,COMMONS NEAR KINSROW,2.0,0.0,0.0,0.0,0.0,0.0,0.0,0.0,COMMONS NEAR KINSROW,44.0583149,-123.0581346
2303,2303,COMMONS NEAR OBAR,1.0,0.0,,0.0,0.0,0.0,0.0,0.0,COMMONS NEAR OBAR,44.0603877,-123.0559376
2304,2304,COMMONS NORTH OF KINSROW,7.0,11.1428571429,14.0407570003,0.0,0.0,0.0,24.0,30.0,COMMONS NORTH OF KINSROW,44.0583149,-123.0581346
2305,2305,COMMONS/KINSROW,2.0,15.0,21.2132034356,0.0,7.5,15.0,22.5,30.0,COMMONS/KINSROW,44.0583149,-123.0581346
2306,2306,COMMONS/MARCHE CHASE,2.0,30.0,0.0,30.0,30.0,30.0,30.0,30.0,COMMONS/MARCHE CHASE,44.0563996,-123.0558638
2307,2307,COMMUNITY CENTER,1.0,0.0,,0.0,0.0,0.0,0.0,0.0,COMMUNITY CENTER,44.027737,-123.0822621
2308,2308,CORNER OF PEASCOD & LADY,1.0,0.0,,0.0,0.0,0.0,0.0,0.0,CORNER OF PEASCOD & LADY,44.0759115,-123.1843897
2309,2309,CORNWALLN.W. EXPRESSWAY,1.0,50.0,,50.0,50.0,50.0,50.0,50.0,CORNWALLN.W. EXPRESSWAY,44.0813042,-123.1460966
2310,2310,COSTCO,14.0,0.0,0.0,0.0,0.0,0.0,0.0,0.0,COSTCO,44.0891583,-123.0657661
2311,2311,COSTCO  ON CHAD/COBURG,1.0,0.0,,0.0,0.0,0.0,0.0,0.0,COSTCO  ON CHAD/COBURG,44.0891583,-123.0657661
2312,2312,COSTCO (CHAD DRIVE),1.0,0.0,,0.0,0.0,0.0,0.0,0.0,COSTCO (CHAD DRIVE),44.0888556,-123.0662122
2313,2313,COSTCO - 2828 CHAD,2.0,0.0,0.0,0.0,0.0,0.0,0.0,0.0,COSTCO - 2828 CHAD,44.0891583,-123.0657661
2314,2314,COSTCO - 2828 CHAD DRIVE,3.0,0.0,0.0,0.0,0.0,0.0,0.0,0.0,COSTCO - 2828 CHAD DRIVE,44.0891583,-123.0657661
2315,2315,COSTCO - CHAD,3.0,0.0,0.0,0.0,0.0,0.0,0.0,0.0,COSTCO - CHAD,44.0891583,-123.0657661
2316,2316,COSTCO - CHAD & COBURG ROAD,1.0,0.0,,0.0,0.0,0.0,0.0,0.0,COSTCO - CHAD & COBURG ROAD,44.0891583,-123.0657661
2317,2317,COSTCO - CHAD DR,3.0,0.0,0.0,0.0,0.0,0.0,0.0,0.0,COSTCO - CHAD DR,44.0891583,-123.0657661
2318,2318,COSTCO - CHAD DRIVE,6.0,0.0,0.0,0.0,0.0,0.0,0.0,0.0,COSTCO - CHAD DRIVE,44.0888556,-123.0662122
2319,2319,COSTCO - COBURG & CHAD,1.0,0.0,,0.0,0.0,0.0,0.0,0.0,COSTCO - COBURG & CHAD,44.0891583,-123.0657661
2320,2320,COSTCO - COBURG ROAD,1.0,380.0,,380.0,380.0,380.0,380.0,380.0,COSTCO - COBURG ROAD,44.0891583,-123.0657661
2321,2321,COSTCO - EAST SIDE,1.0,0.0,,0.0,0.0,0.0,0.0,0.0,COSTCO - EAST SIDE,44.0888628,-123.0672606
2322,2322,COSTCO - ON CHAD DRIVE,1.0,0.0,,0.0,0.0,0.0,0.0,0.0,COSTCO - ON CHAD DRIVE,44.0888556,-123.0662122
2323,2323,COSTCO / CHAD DRIVE,1.0,0.0,,0.0,0.0,0.0,0.0,0.0,COSTCO / CHAD DRIVE,44.0888556,-123.0662122
2324,2324,COSTCO 2828 CHAD DRIVE,1.0,0.0,,0.0,0.0,0.0,0.0,0.0,COSTCO 2828 CHAD DRIVE,44.0891583,-123.0657661
2325,2325,COSTCO ON CHAD,3.0,0.0,0.0,0.0,0.0,0.0,0.0,0.0,COSTCO ON CHAD,44.0891583,-123.0657661
2326,2326,COSTCO ON COBURG,1.0,0.0,,0.0,0.0,0.0,0.0,0.0,COSTCO ON COBURG,44.0891583,-123.0657661
2327,2327,COSTCO ON COBURG ROAD,1.0,0.0,,0.0,0.0,0.0,0.0,0.0,COSTCO ON COBURG ROAD,44.0891583,-123.0657661
2328,2328,COSTCO PARKING LOT,1.0,0.0,,0.0,0.0,0.0,0.0,0.0,COSTCO PARKING LOT,44.0891583,-123.0657661
2329,2329,COSTCO- COBURG RD,1.0,0.0,,0.0,0.0,0.0,0.0,0.0,COSTCO- COBURG RD,44.0891583,-123.0657661
2330,2330,CRESCENT / CHUCKANUT,1.0,0.0,,0.0,0.0,0.0,0.0,0.0,CRESCENT / CHUCKANUT,44.0922494,-123.0730561
2331,2331,CRESCENT FAMILY MEDICINE,1.0,0.0,,0.0,0.0,0.0,0.0,0.0,CRESCENT FAMILY MEDICINE,44.0923682,-123.0655608
2332,2332,DAY ISLAND & CLUB,1.0,50.0,,50.0,50.0,50.0,50.0,50.0,DAY ISLAND & CLUB,44.0583901,-123.0810277
2333,2333,DILLARD RD HUNTERS GLENN,1.0,50.0,,50.0,50.0,50.0,50.0,50.0,DILLARD RD HUNTERS GLENN,43.9976603,-123.0684357
2334,2334,DONALD / EAST 38TH,1.0,0.0,,0.0,0.0,0.0,0.0,0.0,DONALD / EAST 38TH,44.0145675,-123.0877119
2335,2335,E 18TH AVE / ONYX STREET,1.0,0.0,,0.0,0.0,0.0,0.0,0.0,18TH & ONYX,44.0400131,-123.0730727
2336,2336,E 18TH EMERALD,1.0,0.0,,0.0,0.0,0.0,0.0,0.0,E 18TH EMERALD,44.0407627,-123.0906782
2337,2337,E AMAZON / HILYARD,1.0,0.0,,0.0,0.0,0.0,0.0,0.0,E AMAZON / HILYARD,44.0340024,-123.0828949
2338,2338,E AMAZON DR - 8TH & BRDWY,1.0,0.0,,0.0,0.0,0.0,0.0,0.0,E AMAZON DR - 8TH & BRDWY,44.0510187,-123.0866795
2339,2339,E-3/ MILL,1.0,50.0,,50.0,50.0,50.0,50.0,50.0,E-3/ MILL,44.0461981,-123.0247049
2340,2340,"E. 13TH , E. OF AGATE",1.0,30.0,,30.0,30.0,30.0,30.0,30.0,"E. 13TH , E. OF AGATE",44.0458772,-123.069016
2341,2341,E. 14TH ALLEY,1.0,15.0,,15.0,15.0,15.0,15.0,15.0,E. 14TH ALLEY,44.0438719,-123.0829028
2342,2342,E. 14TH ALLEY KINCAID ST,1.0,30.0,,30.0,30.0,30.0,30.0,30.0,E. 14TH ALLEY KINCAID ST,,
2343,2343,E. 17TH HILYARD ST PATTE,1.0,0.0,,0.0,0.0,0.0,0.0,0.0,E. 17TH HILYARD ST PATTE,,
2344,2344,E. 17TH PATTERSON ST FER,1.0,24.0,,24.0,24.0,24.0,24.0,24.0,E. 17TH PATTERSON ST FER,44.041265,-123.089407
2345,2345,E/B FRANKLIN @ AGATE,1.0,50.0,,50.0,50.0,50.0,50.0,50.0,E/B FRANKLIN @ AGATE,44.0464042,-123.0697089
2346,2346,E/S  ONYX - 19TH TO 18TH,1.0,0.0,,0.0,0.0,0.0,0.0,0.0,E/S  ONYX - 19TH TO 18TH,,
2347,2347,E/S 16TH - OLIVE TO WILLAMETTE,2.0,0.0,0.0,0.0,0.0,0.0,0.0,0.0,E/S 16TH - OLIVE TO WILLAMETTE,44.0419551,-123.094201
2348,2348,E/S 17 - 15 ALLEY / ORCHARD TO WALNUT,2.0,0.0,0.0,0.0,0.0,0.0,0.0,0.0,E/S 17 - 15 ALLEY / ORCHARD TO WALNUT,,
2349,2349,E/S 2400 BLK PORTLAND,1.0,120.0,,120.0,120.0,120.0,120.0,120.0,E/S 2400 BLK PORTLAND,44.0334194,-123.0920959
2350,2350,E/S 2400 BLOCK PORTLAND,1.0,80.0,,80.0,80.0,80.0,80.0,80.0,E/S 2400 BLOCK PORTLAND,44.0334194,-123.0920959
2351,2351,E/S 8TH - PEARL TO OAK,1.0,0.0,,0.0,0.0,0.0,0.0,0.0,E/S 8TH - PEARL TO OAK,44.0516002,-123.0906409
2352,2352,E/S ADLER- BROAD. TO 11TH,1.0,0.0,,0.0,0.0,0.0,0.0,0.0,E/S ADLER- BROAD. TO 11TH,,
2353,2353,E/S AGATE  19TH TO 17TH,2.0,0.0,0.0,0.0,0.0,0.0,0.0,0.0,E/S AGATE  19TH TO 17TH,44.0392942,-123.0700585
2354,2354,E/S AGATE IN FRONT OF 1675,1.0,15.0,,15.0,15.0,15.0,15.0,15.0,E/S AGATE IN FRONT OF 1675,,
2355,2355,E/S ALDER - 11TH TO 12TH,4.0,0.0,0.0,0.0,0.0,0.0,0.0,0.0,E/S ALDER - 11TH TO 12TH,,
2356,2356,E/S ALDER - 12TH TO 13TH,5.0,0.0,0.0,0.0,0.0,0.0,0.0,0.0,E/S ALDER - 12TH TO 13TH,,
2357,2357,E/S ALDER - 22ND TO 21ST,1.0,0.0,,0.0,0.0,0.0,0.0,0.0,E/S ALDER - 22ND TO 21ST,44.0356464,-123.0802571
2358,2358,E/S ALDER - 23RD TO 24TH,1.0,0.0,,0.0,0.0,0.0,0.0,0.0,E/S ALDER - 23RD TO 24TH,44.0345451,-123.0803101
2359,2359,E/S ALDER - BROAD. TO 11TH,1.0,0.0,,0.0,0.0,0.0,0.0,0.0,E/S ALDER - BROAD. TO 11TH,,
2360,2360,E/S ALDER - BROADWAY,1.0,0.0,,0.0,0.0,0.0,0.0,0.0,E/S ALDER - BROADWAY,44.0497242,-123.0802161
2361,2361,E/S ALDER - BROADWAY TO 11TH,2.0,0.0,0.0,0.0,0.0,0.0,0.0,0.0,E/S ALDER - BROADWAY TO 11TH,,
2362,2362,E/S ALLEY LOT 2,2.0,0.0,0.0,0.0,0.0,0.0,0.0,0.0,E/S ALLEY LOT 2,44.0416375,-123.0222927
2363,2363,E/S CHARNELTON - 10TH TO BRDWY,2.0,0.0,0.0,0.0,0.0,0.0,0.0,0.0,E/S CHARNELTON - 10TH TO BRDWY,,
2364,2364,E/S CHARNELTON - 12TH TO 13TH,1.0,0.0,,0.0,0.0,0.0,0.0,0.0,,,
2365,2365,E/S CHARNELTON - 8TH TO BRDWY,2.0,0.0,0.0,0.0,0.0,0.0,0.0,0.0,,,
2366,2366,E/S CHARNELTON 11TH AVE,1.0,0.0,,0.0,0.0,0.0,0.0,0.0,,,
2367,2367,E/S CHARNELTON 13TH AVE,4.0,6.0,12.0,0.0,0.0,0.0,6.0,24.0,,,
2368,2368,E/S CHARNELTON 14TH AVE,1.0,0.0,,0.0,0.0,0.0,0.0,0.0,,,
2369,2369,E/S COLUMBIA - 19TH TO 17TH,10.0,0.0,0.0,0.0,0.0,0.0,0.0,0.0,,,
2370,2370,E/S COLUMBIA 19TH TO 17TH,1.0,0.0,,0.0,0.0,0.0,0.0,0.0,,,
2371,2371,E/S EMERALD - 19TH TO 18TH,1.0,0.0,,0.0,0.0,0.0,0.0,0.0,,,
2372,2372,E/S EMERALD - 20TH TO 19TH,1.0,0.0,,0.0,0.0,0.0,0.0,0.0,,,
2373,2373,E/S EMERALD - 21ST TO 20TH,2.0,0.0,0.0,0.0,0.0,0.0,0.0,0.0,,,
2374,2374,E/S EMERALD - 22ND TO 21ST,2.0,0.0,0.0,0.0,0.0,0.0,0.0,0.0,,,
2375,2375,E/S FERRY  - 12TH TO 11TH,1.0,0.0,,0.0,0.0,0.0,0.0,0.0,,,
2376,2376,E/S FERRY - 11TH TO END,2.0,0.0,0.0,0.0,0.0,0.0,0.0,0.0,,,
2377,2377,E/S FERRY - 12TH TO 11TH,4.0,0.0,0.0,0.0,0.0,0.0,0.0,0.0,,,
2378,2378,E/S FERRY - 13TH TO 12TH,3.0,0.0,0.0,0.0,0.0,0.0,0.0,0.0,,,
2379,2379,E/S FERRY - 14TH TO 13TH,2.0,0.0,0.0,0.0,0.0,0.0,0.0,0.0,,,
2380,2380,E/S FERRY - 15TH TO 14TH,2.0,0.0,0.0,0.0,0.0,0.0,0.0,0.0,,,
2381,2381,E/S FERRY - 16TH TO 15TH,1.0,0.0,,0.0,0.0,0.0,0.0,0.0,,,
2382,2382,E/S FERRY - 17TH TO 16TH,2.0,0.0,0.0,0.0,0.0,0.0,0.0,0.0,,,
2383,2383,E/S FERRY - 18TH TO 17TH,3.0,0.0,0.0,0.0,0.0,0.0,0.0,0.0,,,
2384,2384,E/S FERRY - 19TH TO 18TH,2.0,0.0,0.0,0.0,0.0,0.0,0.0,0.0,,,
2385,2385,E/S FERRY -14TH TO 13TH,1.0,0.0,,0.0,0.0,0.0,0.0,0.0,,,
2386,2386,E/S FERRY 14-13,2.0,0.0,0.0,0.0,0.0,0.0,0.0,0.0,,,
2387,2387,E/S HARRIS - 20TH TO 19TH,1.0,0.0,,0.0,0.0,0.0,0.0,0.0,,,
2388,2388,E/S HIGH - 12TH TO 11TH,1.0,0.0,,0.0,0.0,0.0,0.0,0.0,,,
2389,2389,E/S HIGH - 14TH TO 13TH,1.0,0.0,,0.0,0.0,0.0,0.0,0.0,,,
2390,2390,E/S HIGH - 16TH TO 15TH,1.0,0.0,,0.0,0.0,0.0,0.0,0.0,,,
2391,2391,E/S HIGH - 18TH TO 19TH,1.0,30.0,,30.0,30.0,30.0,30.0,30.0,,,
2392,2392,E/S HIGH 14-13,1.0,90.0,,90.0,90.0,90.0,90.0,90.0,,,
2393,2393,E/S HIGH 14TH TO 13TH,2.0,0.0,0.0,0.0,0.0,0.0,0.0,0.0,,,
2394,2394,E/S HILYARD - 11TH AND BROADWA,1.0,0.0,,0.0,0.0,0.0,0.0,0.0,,,
2395,2395,E/S HILYARD - 11TH TO BRDWY,4.0,0.0,0.0,0.0,0.0,0.0,0.0,0.0,,,
2396,2396,E/S HILYARD - 11TH TO BROADWAY,1.0,0.0,,0.0,0.0,0.0,0.0,0.0,,,
2397,2397,E/S HILYARD - 21ST TO 20TH,2.0,0.0,0.0,0.0,0.0,0.0,0.0,0.0,,,
2398,2398,E/S HILYARD - 22ND TO 24TH,1.0,0.0,,0.0,0.0,0.0,0.0,0.0,,,
2399,2399,E/S HILYARD -11TH TO BROADWAY,1.0,0.0,,0.0,0.0,0.0,0.0,0.0,,,
